INSERT INTO auditableEntity (auditableEntity_id) VALUES
  (1000), (1001), (1002), (1003), (1007), (1004), (1008), (1005), (1009), (1006), (10010), (10011), (10012), (10013), (10014), (10015), (10016), (10017), (10019), (10020), (10021), (10022), (10023),
  (2001), (2002), (2003), (2004), (2005), (2006), (2007), (2008), (2009), (20010), (20011), (20012),
  (3001), (3002), (3003), (3004),
  (4000), (4001), (4002), (4003), (4004),
  (5000), (5001), (5002), (5003), (5004), (5005), (5006), (5007), (5008), (5009), (50010), (50011), (50012), (50013),
  (6000), (6001), (6002), (6003), (6004), (6005), (6006), (6007), (6008), (6009), (60010), (60011), (60012), (60013), (60014),
  (7000), (7001), (7002), (7003), (7004), (7005), (7006), (7007), (7008), (7009), (70010), (70011), (70012), (70013), (70014),
  (8003), (8006), (8007), (8008), (8009), (80010), (80011), (80012), (80013), (80014), (80015), (80016), (80019), (80020), (80021), (80022), (80023), (80024), (80026), (80027), (80028), (80029), (80030), (80031), (80032), (80033), (80034), (80035), (80036), (80037), (80038), (80039), (80040), (80041), (80042), (80043), (80044), (80045), (80046), (80047), (80048), (80049), (80050), (80051), (80052), (80053);


INSERT INTO employee (employee_id, name_title, first_name, last_name, position, email, tel, street, zip, city, country, workschedule, workEntry, workExit, username, password, organisationunit_id) VALUES
  (1000, ' ', 'Armin', 'Begens', 'administrator', 'abegens@firma.de', '0160 82567809', 'Knaufenweg', '33615', 'Bielefeld', 'Germany', 0, '2010-11-12', '2017-05-06', 'a', '$2a$06$E1gcbegHZP5CHmkNnQnBe.xp3S8pO3l6gz7WZ/U.6dSKT.jlyAKVS', null),
  (1001, ' ', 'Mark', 'Meier', 'administrator', 'mmeier@firma.de', '0160 30885610', 'Drögestraße', '33615', 'Bielefeld', 'Germany', 0, '2004-04-03', '2019-03-17', 'mmeier', '$2a$10$WoG5Z4YN9Z37EWyNCkltyeFr6PtrSXSLMeFWOeDUwcanht5CIJgPa', null),
  (1002, 'Dr. ', 'Jan', 'Seik', 'partner', 'jseik@firma.de', '0160 47269038', 'Humboltstraße', '33334', 'Gütersloh', 'Germany', 40, '2000-01-02', '2018-03-07', 'jseik', '$2a$10$WoG5Z4YN9Z37EWyNCkltyeFr6PtrSXSLMeFWOeDUwcanht5CIJgPa', null),
  (1003, ' ', 'David', 'Rema', 'senior manager', 'drema@firma.de', '0160 60607429', 'Eckengasse', '33615', 'Bielefeld', 'Germany', 40, '2013-07-04', '2018-03-18', 'drema', '$2a$10$WoG5Z4YN9Z37EWyNCkltyeFr6PtrSXSLMeFWOeDUwcanht5CIJgPa', null),
  (1007, 'Dr. ', 'Jochen', 'Rubens', 'manager', 'jrubens@firma.de', '0160 74736611', 'Staudendorferstraße', '33615', 'Bielefeld', 'Germany', 40, '1998-11-18', '2019-01-01', 'jrubens', '$2a$10$WoG5Z4YN9Z37EWyNCkltyeFr6PtrSXSLMeFWOeDUwcanht5CIJgPa', null),
  (1004, ' ', 'John', 'Prore', 'senior manager', 'jprore@firma.de', '0160 5554211', 'Riemengasse', '33615', 'Bielefeld', 'Germany', 40, '1995-01-04', '2019-10-17', 'jprore', '$2a$10$WoG5Z4YN9Z37EWyNCkltyeFr6PtrSXSLMeFWOeDUwcanht5CIJgPa', null),
  (1008, ' ', 'Daniela', 'Reiner', 'manager', 'dreiner@firma.de', '0160 99806017', 'Hamenstraße', '33615', 'Bielefeld', 'Germany', 30, '2007-02-11', '2022-09-15', 'dreiner', '$2a$10$WoG5Z4YN9Z37EWyNCkltyeFr6PtrSXSLMeFWOeDUwcanht5CIJgPa', null),
  (1005, ' ', 'Thomas', 'Pal', 'senior manager', 'tpal@firma.de', '0160 60117429', 'Eckendam', '33334', 'Gütersloh', 'Germany', 40, '2011-01-15', '2021-08-13', 'tpal', '$2a$10$WoG5Z4YN9Z37EWyNCkltyeFr6PtrSXSLMeFWOeDUwcanht5CIJgPa', null),
  (1009, ' ', 'Rainer', 'Raab', 'manager', 'rraabfirma.de', '0160 85836611', 'Staudendorferstraße', '33615', 'Bielefeld', 'Germany', 40, '2014-12-12', '2020-04-04', 'rraab', '$2a$10$WoG5Z4YN9Z37EWyNCkltyeFr6PtrSXSLMeFWOeDUwcanht5CIJgPa', null),
  (1006, ' ', 'Miriam', 'Dreber', 'senior manager', 'mdreber@firma.de', '0160 6067757', 'Am Rathaus', '33615', 'Bielefeld', 'Germany', 30, '2000-01-02', '2018-03-07', 'mdreber', '$2a$10$WoG5Z4YN9Z37EWyNCkltyeFr6PtrSXSLMeFWOeDUwcanht5CIJgPa', null),
  (10010, ' ', 'Anja', 'Enke', 'manager', 'aenke@firma.de', '0160 33234885', 'Teichgasse', '33615', 'Bielefeld', 'Germany', 40, '2000-01-02', '2018-03-07', 'aenke', '$2a$10$WoG5Z4YN9Z37EWyNCkltyeFr6PtrSXSLMeFWOeDUwcanht5CIJgPa', null),
  (10011, ' ', 'Steffan', 'Kunz', 'senior berater', 'skunz@firma.de', '0160 89633417', 'Bahnhofsplatz', '33334', 'Gütersloh', 'Germany', 40, '2000-01-02', '2018-03-07', 'skunz', '$2a$10$WoG5Z4YN9Z37EWyNCkltyeFr6PtrSXSLMeFWOeDUwcanht5CIJgPa', null),
  (10012, ' ', 'Mike', 'Biehl', 'senior berater', 'mbiehl@firma.de', '0160 44216211', 'Deichstraße', '33613', 'Bielefeld', 'Germany', 40, '2000-01-02', '2018-03-07', 'mbiehl', '$2a$10$WoG5Z4YN9Z37EWyNCkltyeFr6PtrSXSLMeFWOeDUwcanht5CIJgPa', null),
  (10013, ' ', 'Dennis', 'Cloud', 'senior berater', 'ewolfe@firma.de', '0160 98362131', 'Rosengasse', '33613', 'Bielefeld', 'Germany', 40, '2000-01-02', '2018-03-07', 'ewolfe', '$2a$10$WoG5Z4YN9Z37EWyNCkltyeFr6PtrSXSLMeFWOeDUwcanht5CIJgPa', null),
  (10014, ' ', 'Andrea', 'Siemons', 'senior berater', 'asiemons@firma.de', '0160 56337111', 'Am Brunnen', '33334', 'Gütersloh', 'Germany', 40, '2000-01-02', '2018-03-07', 'asiemons', '$2a$10$WoG5Z4YN9Z37EWyNCkltyeFr6PtrSXSLMeFWOeDUwcanht5CIJgPa', null),
  (10015, ' ', 'Christian', 'Stein', 'senior berater', 'cstein@firma.de', '0160 66412300', 'Theaterplatz', '33615', 'Bielefeld', 'Germany', 40, '2000-01-02', '2018-03-07', 'cstein', '$2a$10$WoG5Z4YN9Z37EWyNCkltyeFr6PtrSXSLMeFWOeDUwcanht5CIJgPa', null),
  (10016, ' ', 'Dirk', 'Taler', 'senior berater', 'dtaler@firma.de', '0160 00167679', 'Dörmgasse', '33613', 'Bielefeld', 'Germany', 40, '2000-01-02', '2018-03-07', 'dtaler', '$2a$10$WoG5Z4YN9Z37EWyNCkltyeFr6PtrSXSLMeFWOeDUwcanht5CIJgPa', null),
  (10017, ' ', 'Barbara', 'Hildebrand', 'berater', 'bhildebrand@firma.de', '0160 71433698', 'Bahnhofsplatz', '33334', 'Gütersloh', 'Germany', 40, '2000-01-02', '2018-03-07', 'bhildebrand', '$2a$10$WoG5Z4YN9Z37EWyNCkltyeFr6PtrSXSLMeFWOeDUwcanht5CIJgPa', null),
  (10019, ' ', 'Christian', 'Graf', 'berater', 'cgraf@firma.de', '0160 13126398', 'Rosengasse', '33613', 'Bielefeld', 'Germany', 40, '2000-01-02', '2018-03-07', 'cgraf', '$2a$10$WoG5Z4YN9Z37EWyNCkltyeFr6PtrSXSLMeFWOeDUwcanht5CIJgPa', null),
  (10020, ' ', 'Thomas', 'Gadola', 'berater', 'tgadola@firma.de', '0160 11713365', 'Am Brunnen', '33334', 'Gütersloh', 'Germany', 40, '2000-01-02', '2018-03-07', 'tgadola', '$2a$10$WoG5Z4YN9Z37EWyNCkltyeFr6PtrSXSLMeFWOeDUwcanht5CIJgPa', null),
  (10021, ' ', 'Christiane', 'Müller', 'berater', 'cmueller@firma.de', '0160 00321644', 'Theaterplatz', '33615', 'Bielefeld', 'Germany', 40, '2000-01-02', '2018-03-07', 'cmueller', '$2a$10$WoG5Z4YN9Z37EWyNCkltyeFr6PtrSXSLMeFWOeDUwcanht5CIJgPa', null),
  (10022, ' ', 'Sabine', 'Fehr', 'berater', 'sfehr@firma.de', '0160 79761600', 'Dörmgasse', '33613', 'Bielefeld', 'Germany', 40, '2000-01-02', '2018-03-07', 'sfehr', '$2a$10$WoG5Z4YN9Z37EWyNCkltyeFr6PtrSXSLMeFWOeDUwcanht5CIJgPa', null),
  (10023, ' ', 'Regina', 'Rieger', 'berater', 'srieger@firma.de', '0160 87874563', 'Dörmstraße', '33613', 'Bielefeld', 'Germany', 40, '2000-01-02', '2006-03-07', 'rrieger', '$2a$10$WoG5Z4YN9Z37EWyNCkltyeFr6PtrSXSLMeFWOeDUwcanht5CIJgPa', null);



INSERT INTO skill (skill_id, name, description) VALUES
  (2001, 'Java', 'OOP-Programmieren mit Java'),
  (2002, 'SQL', 'Datenbanken mit SQL'),
  (2003, 'C', 'Imperatives Programmieren mit C'),
  (2004, 'Projektleitung', 'Erfahrung im Projektmanagement'),
  (2005, 'CRM', 'Umgang mit CRM Systemen'),
  (2006, 'Verhandlung', 'Verhandlungssicheres Auftreten'),
  (2007, 'WebDev', 'Webentwicklung'),
  (2008, 'Legal', 'Rechtliches Rahmenwissen'),
  (2009, 'SAP', 'Umgang mit SAP Systemen'),
  (20010, 'Oracle', 'Umgang mit Systemen von Oracle'),
  (20011, 'C4C', 'Hybris Cloud for Customer'),
  (20012, 'SoftEng', 'Software Engineering');

INSERT INTO hasskill (employee_id, skill_id, hasskilllevel) VALUES
  ((SELECT employee_id FROM employee WHERE employee_id = 10010), (SELECT skill_id FROM skill WHERE skill_id = 2001), 'Anfänger'),
  ((SELECT employee_id FROM employee WHERE employee_id = 10010), (SELECT skill_id FROM skill WHERE skill_id = 2002), 'Anfänger'),
  ((SELECT employee_id FROM employee WHERE employee_id = 1002), (SELECT skill_id FROM skill WHERE skill_id = 2002), 'Anfänger'),
  ((SELECT employee_id FROM employee WHERE employee_id = 1002), (SELECT skill_id FROM skill WHERE skill_id = 2006), 'Anfänger'),
  ((SELECT employee_id FROM employee WHERE employee_id = 1003), (SELECT skill_id FROM skill WHERE skill_id = 2002), 'Fortgeschritten'),
  ((SELECT employee_id FROM employee WHERE employee_id = 1003), (SELECT skill_id FROM skill WHERE skill_id = 2007), 'Fortgeschritten'),
  ((SELECT employee_id FROM employee WHERE employee_id = 1004), (SELECT skill_id FROM skill WHERE skill_id = 2003), 'Fortgeschritten'),
  ((SELECT employee_id FROM employee WHERE employee_id = 1004), (SELECT skill_id FROM skill WHERE skill_id = 20010), 'Fortgeschritten'),
  ((SELECT employee_id FROM employee WHERE employee_id = 10013), (SELECT skill_id FROM skill WHERE skill_id = 2004), 'Fortgeschritten'),
  ((SELECT employee_id FROM employee WHERE employee_id = 10013), (SELECT skill_id FROM skill WHERE skill_id = 2001), 'Experte'),
  ((SELECT employee_id FROM employee WHERE employee_id = 10013), (SELECT skill_id FROM skill WHERE skill_id = 20011), 'Experte'),
  ((SELECT employee_id FROM employee WHERE employee_id = 10013), (SELECT skill_id FROM skill WHERE skill_id = 2009), 'Anfänger'),
  ((SELECT employee_id FROM employee WHERE employee_id = 1006), (SELECT skill_id FROM skill WHERE skill_id = 2008), 'Experte'),
  ((SELECT employee_id FROM employee WHERE employee_id = 1006), (SELECT skill_id FROM skill WHERE skill_id = 2003), 'Experte'),
  ((SELECT employee_id FROM employee WHERE employee_id = 1007), (SELECT skill_id FROM skill WHERE skill_id = 2005), 'Experte'),
  ((SELECT employee_id FROM employee WHERE employee_id = 1007), (SELECT skill_id FROM skill WHERE skill_id = 2004), 'Anfänger'),
  ((SELECT employee_id FROM employee WHERE employee_id = 1008), (SELECT skill_id FROM skill WHERE skill_id = 2007), 'Anfänger'),
  ((SELECT employee_id FROM employee WHERE employee_id = 1008), (SELECT skill_id FROM skill WHERE skill_id = 20010), 'Anfänger'),
  ((SELECT employee_id FROM employee WHERE employee_id = 1009), (SELECT skill_id FROM skill WHERE skill_id = 2006), 'Anfänger'),
  ((SELECT employee_id FROM employee WHERE employee_id = 1009), (SELECT skill_id FROM skill WHERE skill_id = 2008), 'Anfänger'),
  ((SELECT employee_id FROM employee WHERE employee_id = 10011), (SELECT skill_id FROM skill WHERE skill_id = 2001), 'Experte'),
  ((SELECT employee_id FROM employee WHERE employee_id = 10011), (SELECT skill_id FROM skill WHERE skill_id = 2002), 'Experte'),
  ((SELECT employee_id FROM employee WHERE employee_id = 10012), (SELECT skill_id FROM skill WHERE skill_id = 2003), 'Experte'),
  ((SELECT employee_id FROM employee WHERE employee_id = 10012), (SELECT skill_id FROM skill WHERE skill_id = 2004), 'Fortgeschritten'),
  ((SELECT employee_id FROM employee WHERE employee_id = 1005), (SELECT skill_id FROM skill WHERE skill_id = 2005), 'Fortgeschritten'),
  ((SELECT employee_id FROM employee WHERE employee_id = 1005), (SELECT skill_id FROM skill WHERE skill_id = 2006), 'Fortgeschritten'),
  ((SELECT employee_id FROM employee WHERE employee_id = 10014), (SELECT skill_id FROM skill WHERE skill_id = 2007), 'Fortgeschritten'),
  ((SELECT employee_id FROM employee WHERE employee_id = 10014), (SELECT skill_id FROM skill WHERE skill_id = 2008), 'Fortgeschritten'),
  ((SELECT employee_id FROM employee WHERE employee_id = 10015), (SELECT skill_id FROM skill WHERE skill_id = 2009), 'Fortgeschritten'),
  ((SELECT employee_id FROM employee WHERE employee_id = 10015), (SELECT skill_id FROM skill WHERE skill_id = 2003), 'Anfänger'),
  ((SELECT employee_id FROM employee WHERE employee_id = 10016), (SELECT skill_id FROM skill WHERE skill_id = 2005), 'Anfänger'),
  ((SELECT employee_id FROM employee WHERE employee_id = 10016), (SELECT skill_id FROM skill WHERE skill_id = 2007), 'Anfänger'),
  ((SELECT employee_id FROM employee WHERE employee_id = 10017), (SELECT skill_id FROM skill WHERE skill_id = 20011), 'Anfänger'),
  ((SELECT employee_id FROM employee WHERE employee_id = 10017), (SELECT skill_id FROM skill WHERE skill_id = 2002), 'Anfänger'),
  ((SELECT employee_id FROM employee WHERE employee_id = 10019), (SELECT skill_id FROM skill WHERE skill_id = 20011), 'Anfänger'),
  ((SELECT employee_id FROM employee WHERE employee_id = 10019), (SELECT skill_id FROM skill WHERE skill_id = 2006), 'Anfänger'),
  ((SELECT employee_id FROM employee WHERE employee_id = 10020), (SELECT skill_id FROM skill WHERE skill_id = 20012), 'Experte'),
  ((SELECT employee_id FROM employee WHERE employee_id = 10020), (SELECT skill_id FROM skill WHERE skill_id = 2008), 'Experte'),
  ((SELECT employee_id FROM employee WHERE employee_id = 10021), (SELECT skill_id FROM skill WHERE skill_id = 20012), 'Experte'),
  ((SELECT employee_id FROM employee WHERE employee_id = 10021), (SELECT skill_id FROM skill WHERE skill_id = 2003), 'Experte'),
  ((SELECT employee_id FROM employee WHERE employee_id = 10022), (SELECT skill_id FROM skill WHERE skill_id = 2008), 'Experte'),
  ((SELECT employee_id FROM employee WHERE employee_id = 10022), (SELECT skill_id FROM skill WHERE skill_id = 2007), 'Experte'),
  ((SELECT employee_id FROM employee WHERE employee_id = 10023), (SELECT skill_id FROM skill WHERE skill_id = 2008), 'Experte'),
  ((SELECT employee_id FROM employee WHERE employee_id = 10023), (SELECT skill_id FROM skill WHERE skill_id = 2007), 'Experte');


INSERT INTO employeeprofile (profile_id, profile_url, employee_id) VALUES
  (3001, 'http://link.to.profile/1', (SELECT employee_id FROM employee WHERE employee_id = 1002)),
  (3002, 'http://link.to.profile/2', (SELECT employee_id FROM employee WHERE employee_id = 1003)),
  (3003, 'http://link.to.profile/3', (SELECT employee_id FROM employee WHERE employee_id = 1004)),
  (3004, 'http://link.to.profile/4', (SELECT employee_id FROM employee WHERE employee_id = 1005));

INSERT INTO organisationUnit (organisationunit_id, name, description, first_manager, second_manager) VALUES
  (4000, 'Admins', 'Administratoren', (SELECT employee_id FROM employee WHERE employee_id = 1000), (SELECT employee_id FROM employee WHERE employee_id = 1001)),
  (4001, 'Rema', 'Hybris', (SELECT employee_id FROM employee WHERE employee_id = 1003), (SELECT employee_id FROM employee WHERE employee_id = 1007)),
  (4002, 'Prore', 'Webdevelopment', (SELECT employee_id FROM employee WHERE employee_id = 1004), (SELECT employee_id FROM employee WHERE employee_id = 1008)),
  (4003, 'Pal', 'Produktion', (SELECT employee_id FROM employee WHERE employee_id = 1005), (SELECT employee_id FROM employee WHERE employee_id = 1009)),
  (4004, 'Dreber', 'Onlinevertrieb', (SELECT employee_id FROM employee WHERE employee_id = 1006), (SELECT employee_id FROM employee WHERE employee_id = 10010));

INSERT INTO client (client_id, name, description, location) VALUES
  (5000, 'Automotive - Produktion', 'Produktionsabteilung Autohersteller', 'Straubing'),
  (5001, 'OnBank - IT', 'IT-Bereich Bank', 'Frankfurt'),
  (5002, 'Automotive - Finanzen', 'Rechnungsabteilung Autohersteller', 'München'),
  (5003, 'Tele', 'Telekommunikationsanbieter', 'Hamburg'),
  (5004, 'FinDin AG', 'Finanzdienstleister', 'Düsseldorf'),
  (5005, 'VERG', 'Versicherung', 'Bielefeld'),
  (5006, 'SüdAir', 'Fluggesellschaft', 'Frankfurt'),
  (5007, 'NordRail', 'Bahngesellschaft', 'Berlin'),
  (5008, 'LastBau AG', 'LKW Hersteller', 'Sindelfingen'),
  (5009, 'PPN Gmbh', 'Automotive Zulieferer', 'Schweinfurt'),
  (50010, 'Sino', 'Handelskette', 'Stuttgart'),
  (50011, 'FraMeer', 'Schifffahrtsgesellschaft', 'Kiel'),
  (50012, 'AlpMi', 'Milchproduktehersteller', 'Potsdam'),
  (50013, 'Ides AG', 'Softwarehersteller', 'Walldorf');


INSERT INTO contact (contact_id, name_title, first_name, last_name, tel, email, street, zip, city, country, client_id) VALUES
  (6000, 'Dr.', 'Hans', 'Reinhart', '0175 45678900', 'hreinhart@auto.de', 'Am Walde', '18864', 'Bad Ailbing', 'Germany', (SELECT client_id FROM client WHERE client_id = 5000)),
  (6001, '', 'Agathe', 'Bauer', '0150 45678901', 'abauer@auto.de', 'Teichstraße', '55634', 'München', 'Germany', (SELECT client_id FROM client WHERE client_id = 5000)),
  (6002, 'Prof.', 'Janina', 'Lowe', '08151 7104420', 'jlowe@onbank.de', 'Maarenstraße', '43437', 'Frankfurt', 'Germany', (SELECT client_id FROM client WHERE client_id = 5001)),
  (6003, '', 'Stephanie', 'Boehm', '02622 6770590', 'sboehm@tele.de', 'Storkower Straße', '56566', 'Neuwied', 'Deutschland', (SELECT client_id FROM client WHERE client_id = 5003)),
  (6004, '', 'Benjamin', 'Gersten', '0208 38577101', 'bgersten@auto.de', 'Jenaer Straße', '45472', 'Mühlheim', 'Deutschland', (SELECT client_id FROM client WHERE client_id = 5002)),
  (6005, '', 'Patrick', 'Baader', '0365 32904911', 'pbaader@findin.de', 'Gotthardstraße', '07548', 'Gera', 'Deutschland', (SELECT client_id FROM client WHERE client_id = 5004)),
  (6006, '', 'Andre', 'Schmid', '0150 45633789', 'aschmid@verg.de', 'Am Walde', '18864', 'Bad Ailbing', 'Germany', (SELECT client_id FROM client WHERE client_id = 5005)),
  (6007, '', 'Alexander', 'Eberli', '0161 45678923', 'aeberli@suedair.de', 'Teichstraße', '55634', 'München', 'Germany', (SELECT client_id FROM client WHERE client_id = 5006)),
  (6008, 'Dr.', 'Gary', 'Roth', '0157 10244420', 'groth@nordrail.de', 'Maarenstraße', '43437', 'Frankfurt', 'Germany', (SELECT client_id FROM client WHERE client_id = 5007)),
  (6009, '', 'Lars', 'Baumann', '0158 67017059', 'lbaumann@lastbau.de', 'Storkower Straße', '56566', 'Neuwied', 'Deutschland', (SELECT client_id FROM client WHERE client_id = 5008)),
  (60010, '', 'Nico', 'Emzler', '0161 38522771', 'nemzler@ppn.de', 'Jenaer Straße', '45472', 'Mühlheim', 'Deutschland', (SELECT client_id FROM client WHERE client_id = 5009)),
  (60011, '', 'Patrick', 'Eichler', '0177 32904922', 'peichler@sino.de', 'Gotthardstraße', '07548', 'Gera', 'Deutschland', (SELECT client_id FROM client WHERE client_id = 50010)),
  (60012, '', 'Andreas', 'Mathies', '0161 67348723', 'amathies@alpmi.de', 'Teichbach', '55633', 'München', 'Germany', (SELECT client_id FROM client WHERE client_id = 50011)),
  (60013, '', 'Nina', 'Suter', '0161 67348723', 'nsuter@alpmi.de', 'Teichstraße', '55634', 'München', 'Germany', (SELECT client_id FROM client WHERE client_id = 50012)),
  (60014, '', 'Hassan', 'Plattner', '0161 67348723', 'plattner@ides.de', 'Primelweg', '69190', 'Walldorf', 'Germany', (SELECT client_id FROM client WHERE client_id = 50013));

INSERT INTO project (project_id, name, description, status, project_volume, conversion_probability, is_running, man_days, start_date, end_date, contact_id, organisationunit_id, employee_id) VALUES
  (7000, 'Kein Status', 'Kein Status', 'WON', 0, 0, FALSE, 0, '2000-01-01', '2099-12-31', (SELECT contact_id FROM contact WHERE contact_id = 6001), (SELECT organisationunit_id FROM organisationUnit WHERE organisationunit_id = 4000), (SELECT employee_id FROM employee WHERE employee_id = 1000)),
  (7001, 'WeMa', 'Werksmanagement Programm', 'WON', 20000, 100, TRUE, 60, '2016-04-03', '2016-07-15', (SELECT contact_id FROM contact WHERE contact_id = 6000), (SELECT organisationunit_id FROM organisationUnit WHERE organisationunit_id = 4003), (SELECT employee_id FROM employee WHERE employee_id = 10011)),
  (7002, 'AccMod', 'Rechnungswesen Modul', 'WON', 15000, 100, TRUE, 42, '2016-05-02', '2016-06-28', (SELECT contact_id FROM contact WHERE contact_id = 6004), (SELECT organisationunit_id FROM organisationUnit WHERE organisationunit_id = 4001), (SELECT employee_id FROM employee WHERE employee_id = 10012)),
  (7003, 'SecureBank', 'Sicherheitssystem für Onlinebanking', 'OPEN', 50000, 45, FALSE, 48, '2016-09-01', '2016-10-31', (SELECT contact_id FROM contact WHERE contact_id = 6002), (SELECT organisationunit_id FROM organisationUnit WHERE organisationunit_id = 4001), (SELECT employee_id FROM employee WHERE employee_id = 10013)),
  (7004, 'TuneApp', 'Musikstreaming', 'WON', 80000, 100, TRUE, 84, '2016-03-24', '2016-09-24', (SELECT contact_id FROM contact WHERE contact_id = 6003), (SELECT organisationunit_id FROM organisationUnit WHERE organisationunit_id = 4004), (SELECT employee_id FROM employee WHERE employee_id = 10014)),
  (7005, 'VeWePo', 'Vertragswerkstattsportal', 'LOST', 30000, 15, FALSE, 85, '2017-01-14', '2017-07-15', (SELECT contact_id FROM contact WHERE contact_id = 6004), (SELECT organisationunit_id FROM organisationUnit WHERE organisationunit_id = 4003), (SELECT employee_id FROM employee WHERE employee_id = 10015)),
  (7006, 'SteuerOnline', 'Online Steuerportal für Unternehmen', 'WON', 600000, 20, TRUE, 35, '2016-05-08', '2017-11-13', (SELECT contact_id FROM contact WHERE contact_id = 6005), (SELECT organisationunit_id FROM organisationUnit WHERE organisationunit_id = 4001), (SELECT employee_id FROM employee WHERE employee_id = 10015)),
  (7007, 'EvaluNET', 'Vergleichsportal für Versicherungen', 'ON HOLD', 700000, 80, FALSE, 16, '2016-06-01', '2016-10-19', (SELECT contact_id FROM contact WHERE contact_id = 6006), (SELECT organisationunit_id FROM organisationUnit WHERE organisationunit_id = 4004), (SELECT employee_id FROM employee WHERE employee_id = 10016)),
  (7008, 'SüdAirWeb', 'Webauftritt Fluggesellschaft', 'WON', 51000, 95, TRUE, 77, '2016-12-16', '2016-12-23', (SELECT contact_id FROM contact WHERE contact_id = 6007), (SELECT organisationunit_id FROM organisationUnit WHERE organisationunit_id = 4002), (SELECT employee_id FROM employee WHERE employee_id = 10017)),
  (7009, 'NordRailWeb', 'Webauftritt Bahngesellschaft', 'OPEN', 64000, 43, FALSE, 77, '2016-03-05', '2016-07-27', (SELECT contact_id FROM contact WHERE contact_id = 6008), (SELECT organisationunit_id FROM organisationUnit WHERE organisationunit_id = 4002), (SELECT employee_id FROM employee WHERE employee_id = 1005)),
  (70010, 'CustFinPort', 'Finanzierungsportal für LKW-Käufer', 'LOST', 100000, 0, FALSE, 91, '2016-05-18', '2016-11-29', (SELECT contact_id FROM contact WHERE contact_id = 6009), (SELECT organisationunit_id FROM organisationUnit WHERE organisationunit_id = 4001), (SELECT employee_id FROM employee WHERE employee_id = 10019)),
  (70011, 'ProBeschMa', 'Produktionsbeschleunigung durch Robotereinsatz', 'OPEN', 500000, 43, FALSE, 77, '2016-03-05', '2016-07-27', (SELECT contact_id FROM contact WHERE contact_id = 60010), (SELECT organisationunit_id FROM organisationUnit WHERE organisationunit_id = 4003), (SELECT employee_id FROM employee WHERE employee_id = 10020)),
  (70012, 'OnSale', 'Onlinehandel', 'LOST', 10000, 0, FALSE, 28, '2016-05-18', '2016-11-29', (SELECT contact_id FROM contact WHERE contact_id = 60011), (SELECT organisationunit_id FROM organisationUnit WHERE organisationunit_id = 4004), (SELECT employee_id FROM employee WHERE employee_id = 10021)),
  (70013, 'TickSale', 'Bootstickets Onlineportal', 'OPEN', 800000, 43, FALSE, 28, '2016-03-05', '2016-07-27', (SELECT contact_id FROM contact WHERE contact_id = 60012), (SELECT organisationunit_id FROM organisationUnit WHERE organisationunit_id = 4004), (SELECT employee_id FROM employee WHERE employee_id = 10022)),
  (70014, 'MilchWeb', 'Webauftritt Milchproduzent', 'LOST', 150000, 0, FALSE, 84, '2016-05-18', '2016-11-29', (SELECT contact_id FROM contact WHERE contact_id = 60013), (SELECT organisationunit_id FROM organisationUnit WHERE organisationunit_id = 4002), (SELECT employee_id FROM employee WHERE employee_id = 10019));

INSERT INTO needsskill (project_id, skill_id, skilllevel) VALUES
  ((SELECT project_id FROM project WHERE project_id = 7001), (SELECT skill_id FROM skill WHERE skill_id = 2001), 'Anfänger'),
  ((SELECT project_id FROM project WHERE project_id = 7001), (SELECT skill_id FROM skill WHERE skill_id = 2002), 'Experte'),
  ((SELECT project_id FROM project WHERE project_id = 7002), (SELECT skill_id FROM skill WHERE skill_id = 2002), 'Fortgeschritten'),
  ((SELECT project_id FROM project WHERE project_id = 7002), (SELECT skill_id FROM skill WHERE skill_id = 2006), 'Experte'),
  ((SELECT project_id FROM project WHERE project_id = 7003), (SELECT skill_id FROM skill WHERE skill_id = 2002), 'Anfänger'),
  ((SELECT project_id FROM project WHERE project_id = 7003), (SELECT skill_id FROM skill WHERE skill_id = 2007), 'Fortgeschritten'),
  ((SELECT project_id FROM project WHERE project_id = 7004), (SELECT skill_id FROM skill WHERE skill_id = 2003), 'Anfänger'),
  ((SELECT project_id FROM project WHERE project_id = 7004), (SELECT skill_id FROM skill WHERE skill_id = 2007), 'Experte'),
  ((SELECT project_id FROM project WHERE project_id = 7004), (SELECT skill_id FROM skill WHERE skill_id = 20010), 'Experte');

INSERT INTO WORKSON(WORKS_ON_ID, END_DATE, START_DATE, STATUS, WORKLOAD, EMPLOYEE_ID, PROJECT_ID) VALUES
  (8003, DATE '2016-06-26', DATE '2016-02-06', 'Geblockt', 40, 1002, 7002),
  (8006, DATE '2016-07-31', DATE '2016-06-27', 'Geblockt', 40, 1002, 70010),
  (8007, DATE '2016-07-03', DATE '2016-04-13', 'Disponiert', 20, 1003, 7001),
  (8008, DATE '2016-11-06', DATE '2016-07-04', 'Disponiert', 20, 10017, 7001),
  (8009, DATE '2016-09-30', DATE '2016-06-11', 'Disponiert', 20, 1003, 7006),
  (80010, DATE '2016-09-23', DATE '2016-07-06', 'Disponiert', 20, 1007, 70010),
  (80011, DATE '2016-09-23', DATE '2016-07-04', 'Disponiert', 40, 10017, 7006),
  (80012, DATE '2016-06-12', DATE '2016-02-06', 'Disponiert', 40, 10011, 7002),
  (80013, DATE '2016-04-19', DATE '2016-03-13', 'Ausfallzeit', 0, 10011, 7001),
  (80014, DATE '2016-09-04', DATE '2016-04-18', 'Disponiert', 40, 10011, 7002),
  (80015, DATE '2016-07-26', DATE '2016-05-06', 'Disponiert', 20, 10012, 7003),
  (80016, DATE '2017-01-31', DATE '2016-06-11', 'Geblockt', 20, 10012, 7006),
  (80019, DATE '2016-06-26', DATE '2016-09-13', 'Disponiert', 40, 1004, 7008),
  (80020, DATE '2016-06-30', DATE '2016-02-04', 'Disponiert', 40, 1004, 7009),
  (80021, DATE '2016-07-15', DATE '2016-03-27', 'Disponiert', 20, 1007, 7009),
  (80022, DATE '2016-07-17', DATE '2016-04-20', 'Ausfallzeit', 0, 1008, 7008),
  (80023, DATE '2016-08-19', DATE '2016-05-06', 'Geblockt', 40, 1008, 7009),
  (80024, DATE '2016-09-26', DATE '2016-05-01', 'Disponiert', 20, 10013, 70014),
  (80026, DATE '2017-06-12', DATE '2016-08-06', 'Disponiert', 40, 10019, 7009),
  (80027, DATE '2016-07-10', DATE '2016-02-13', 'Disponiert', 40, 10019, 70014),
  (80028, DATE '2016-08-31', DATE '2016-03-11', 'Geblockt', 40, 10019, 7008),
  (80029, DATE '2016-09-30', DATE '2016-04-06', 'Disponiert', 40, 10020, 7009),
  (80031, DATE '2016-08-31', DATE '2016-05-11', 'Disponiert', 40, 1006, 7004),
  (80032, DATE '2016-11-03', DATE '2016-06-06', 'Geblockt', 40, 1006, 7004),
  (80033, DATE '2016-12-17', DATE '2016-07-13', 'Disponiert', 40, 10010, 70012),
  (80034, DATE '2016-11-19', DATE '2016-08-06', 'Ausfallzeit', 0, 10016, 7001),
  (80035, DATE '2016-11-24', DATE '2016-09-20', 'Disponiert', 40, 10016, 70013),
  (80036, DATE '2016-10-31', DATE '2016-01-25', 'Disponiert', 40, 10016, 7004),
  (80037, DATE '2016-05-26', DATE '2016-02-06', 'Disponiert', 40, 10021, 7007),
  (80039, DATE '2016-07-31', DATE '2016-03-11', 'Geblockt', 40, 10021, 7004),
  (80040, DATE '2016-06-12', DATE '2016-04-06', 'Disponiert', 40, 1005, 70011),
  (80041, DATE '2016-07-31', DATE '2016-05-20', 'Disponiert', 40, 1005, 7005),
  (80042, DATE '2016-07-03', DATE '2016-06-13', 'Geblockt', 40, 1009, 7001),
  (80043, DATE '2016-07-31', DATE '2016-07-04', 'Disponiert', 40, 1009, 70011),
  (80044, DATE '2016-06-26', DATE '2016-01-06', 'Geblockt', 40, 10014, 7005),
  (80045, DATE '2016-07-10', DATE '2016-02-27', 'Ausfallzeit', 0, 10014, 7001),
  (80046, DATE '2016-08-31', DATE '2016-03-18', 'Geblockt', 40, 10014, 7001),
  (80047, DATE '2016-09-10', DATE '2016-04-06', 'Disponiert', 40, 10015, 70011),
  (80048, DATE '2016-10-31', DATE '2016-05-18', 'Geblockt', 40, 10015, 7005),
  (80051, DATE '2016-09-17', DATE '2016-08-06', 'Disponiert', 40, 10022, 7005),
  (80052, DATE '2017-03-08', DATE '2016-09-27', 'Disponiert', 40, 10017, 7004),
  (80053, DATE '2016-10-31', DATE '2016-07-18', 'Disponiert', 40, 10022, 70011);

UPDATE employee SET organisationunit_id = (SELECT organisationunit_id FROM organisationUnit WHERE organisationunit_id = 4000) WHERE employee_id = 1000;
UPDATE employee SET organisationunit_id = (SELECT organisationunit_id FROM organisationUnit WHERE organisationunit_id = 4000) WHERE employee_id = 1001;
UPDATE employee SET organisationunit_id = (SELECT organisationunit_id FROM organisationUnit WHERE organisationunit_id = 4001) WHERE employee_id = 1003;
UPDATE employee SET organisationunit_id = (SELECT organisationunit_id FROM organisationUnit WHERE organisationunit_id = 4001) WHERE employee_id = 1007;
UPDATE employee SET organisationunit_id = (SELECT organisationunit_id FROM organisationUnit WHERE organisationunit_id = 4001) WHERE employee_id = 10011;
UPDATE employee SET organisationunit_id = (SELECT organisationunit_id FROM organisationUnit WHERE organisationunit_id = 4001) WHERE employee_id = 10012;
UPDATE employee SET organisationunit_id = (SELECT organisationunit_id FROM organisationUnit WHERE organisationunit_id = 4001) WHERE employee_id = 10017;
UPDATE employee SET organisationunit_id = (SELECT organisationunit_id FROM organisationUnit WHERE organisationunit_id = 4001) WHERE employee_id = 1002;
UPDATE employee SET organisationunit_id = (SELECT organisationunit_id FROM organisationUnit WHERE organisationunit_id = 4002) WHERE employee_id = 1004;
UPDATE employee SET organisationunit_id = (SELECT organisationunit_id FROM organisationUnit WHERE organisationunit_id = 4002) WHERE employee_id = 1008;
UPDATE employee SET organisationunit_id = (SELECT organisationunit_id FROM organisationUnit WHERE organisationunit_id = 4002) WHERE employee_id = 10013;
UPDATE employee SET organisationunit_id = (SELECT organisationunit_id FROM organisationUnit WHERE organisationunit_id = 4002) WHERE employee_id = 10020;
UPDATE employee SET organisationunit_id = (SELECT organisationunit_id FROM organisationUnit WHERE organisationunit_id = 4002) WHERE employee_id = 10019;
UPDATE employee SET organisationunit_id = (SELECT organisationunit_id FROM organisationUnit WHERE organisationunit_id = 4003) WHERE employee_id = 1005;
UPDATE employee SET organisationunit_id = (SELECT organisationunit_id FROM organisationUnit WHERE organisationunit_id = 4003) WHERE employee_id = 1009;
UPDATE employee SET organisationunit_id = (SELECT organisationunit_id FROM organisationUnit WHERE organisationunit_id = 4003) WHERE employee_id = 10015;
UPDATE employee SET organisationunit_id = (SELECT organisationunit_id FROM organisationUnit WHERE organisationunit_id = 4003) WHERE employee_id = 10022;
UPDATE employee SET organisationunit_id = (SELECT organisationunit_id FROM organisationUnit WHERE organisationunit_id = 4003) WHERE employee_id = 10014;
UPDATE employee SET organisationunit_id = (SELECT organisationunit_id FROM organisationUnit WHERE organisationunit_id = 4004) WHERE employee_id = 1006;
UPDATE employee SET organisationunit_id = (SELECT organisationunit_id FROM organisationUnit WHERE organisationunit_id = 4004) WHERE employee_id = 10010;
UPDATE employee SET organisationunit_id = (SELECT organisationunit_id FROM organisationUnit WHERE organisationunit_id = 4004) WHERE employee_id = 10016;
UPDATE employee SET organisationunit_id = (SELECT organisationunit_id FROM organisationUnit WHERE organisationunit_id = 4004) WHERE employee_id = 10021;
UPDATE employee SET organisationunit_id = (SELECT organisationunit_id FROM organisationUnit WHERE organisationunit_id = 4004) WHERE employee_id = 10023;

